{"train": {"A01": {"score": 31.273889445556378, "duration": 109.17307209968567}, "A02": {"score": 31.296682760859568, "duration": 35.35784554481506}, "A07": {"score": 31.272341919667888, "duration": 36.125184059143066}, "A09": {"score": 31.280924959996884, "duration": 35.55527400970459}, "A08": {"score": 31.274349347371167, "duration": 32.8783323764801}}, "validation": {"A03": {"score": 31.293272677002328, "duration": 33.10318040847778}, "A06": {"score": 31.286875307351448, "duration": 35.34564280509949}}, "test": {"A04": {"score": 31.288259785428178, "duration": 29.362650394439697}, "A05": {"score": 31.27914990601288, "duration": 32.04665780067444}}}