{
    "train": {
        "A01": {
            "score": 31.275852860261917,
            "duration": 15.632128715515137
        },
        "A02": {
            "score": 31.296878812388776,
            "duration": 13.98823356628418
        },
        "A07": {
            "score": 31.274721763686326,
            "duration": 15.700096368789673
        },
        "A09": {
            "score": 31.282243946444538,
            "duration": 15.120887994766235
        },
        "A08": {
            "score": 31.276191252827445,
            "duration": 14.912838220596313
        }
    },
    "validation": {
        "A03": {
            "score": 31.293735267744452,
            "duration": 15.576706886291504
        },
        "A06": {
            "score": 31.289474844602584,
            "duration": 15.598108053207397
        }
    },
    "test": {
        "A04": {
            "score": 31.290302429388365,
            "duration": 12.43583869934082
        },
        "A05": {
            "score": 31.282746923998122,
            "duration": 14.596850156784058
        }
    }
}